date,avg_temp_c,rolling_mean_30d
2020-01-01,5.5,
2020-01-02,6.2,
2020-01-03,6.1,
2020-01-04,7.2,
2020-01-05,5.4,
2020-01-06,7.5,
2020-01-07,5.7,
2020-01-08,5.2,
2020-01-09,10.6,
2020-01-10,8.4,
2020-01-11,7.0,
2020-01-12,6.7,
2020-01-13,8.5,
2020-01-14,8.4,
2020-01-15,6.8,7.013333333333334
2020-01-16,6.7,6.99375
2020-01-17,7.3,7.011764705882353
2020-01-18,3.8,6.833333333333333
2020-01-19,6.5,6.815789473684211
2020-01-20,7.5,6.85
2020-01-21,7.4,6.876190476190477
2020-01-22,4.9,6.786363636363637
2020-01-23,6.1,6.756521739130435
2020-01-24,9.9,6.8875
2020-01-25,7.8,6.9239999999999995
2020-01-26,5.0,6.85
2020-01-27,5.1,6.785185185185185
2020-01-28,4.4,6.7
2020-01-29,11.8,6.875862068965517
2020-01-30,11.7,7.036666666666666
2020-01-31,8.1,7.123333333333333
2020-02-01,7.9,7.180000000000001
2020-02-02,8.7,7.266666666666667
2020-02-03,9.3,7.336666666666667
2020-02-04,7.9,7.42
2020-02-05,7.6,7.423333333333333
2020-02-06,2.9,7.33
2020-02-07,2.4,7.236666666666666
2020-02-08,6.2,7.09
2020-02-09,3.9,6.9399999999999995
2020-02-10,4.6,6.859999999999999
2020-02-11,6.3,6.846666666666667
2020-02-12,8.7,6.8533333333333335
2020-02-13,11.7,6.963333333333334
2020-02-14,12.0,7.136666666666668
2020-02-15,12.4,7.326666666666666
2020-02-16,9.3,7.3933333333333335
2020-02-17,10.3,7.61
2020-02-18,7.6,7.6466666666666665
2020-02-19,8.1,7.666666666666667
2020-02-20,9.0,7.72
2020-02-21,10.0,7.89
2020-02-22,12.5,8.103333333333333
2020-02-23,10.4,8.12
2020-02-24,9.8,8.186666666666667
2020-02-25,10.5,8.370000000000001
2020-02-26,8.1,8.47
2020-02-27,7.0,8.556666666666667
2020-02-28,7.0,8.396666666666667
2020-02-29,9.4,8.32
2020-03-01,12.0,8.45
2020-03-02,7.3,8.43
2020-03-03,11.3,8.516666666666667
2020-03-04,8.9,8.503333333333334
2020-03-05,9.2,8.546666666666665
2020-03-06,9.4,8.606666666666666
2020-03-07,7.3,8.753333333333334
2020-03-08,7.2,8.913333333333334
2020-03-09,13.1,9.143333333333333
2020-03-10,14.7,9.503333333333334
2020-03-11,15.3,9.859999999999998
2020-03-12,11.4,10.030000000000001
2020-03-13,12.5,10.156666666666666
2020-03-14,5.5,9.95
2020-03-15,7.1,9.786666666666665
2020-03-16,7.1,9.610000000000001
2020-03-17,7.7,9.556666666666667
2020-03-18,11.9,9.610000000000001
2020-03-19,14.6,9.843333333333334
2020-03-20,14.5,10.056666666666667
2020-03-21,13.8,10.216666666666667
2020-03-22,16.8,10.443333333333333
2020-03-23,10.3,10.370000000000001
2020-03-24,8.2,10.296666666666669
2020-03-25,10.0,10.303333333333335
2020-03-26,13.0,10.386666666666667
2020-03-27,16.2,10.656666666666666
2020-03-28,15.5,10.94
2020-03-29,3.6,10.826666666666666
2020-03-30,7.6,10.766666666666667
2020-03-31,9.8,10.693333333333333
2020-04-01,11.4,10.83
2020-04-02,13.9,10.916666666666666
2020-04-03,12.8,11.046666666666669
2020-04-04,15.7,11.263333333333334
2020-04-05,10.2,11.29
2020-04-06,12.1,11.45
2020-04-07,12.4,11.623333333333333
2020-04-08,14.3,11.663333333333334
2020-04-09,13.3,11.616666666666667
2020-04-10,11.2,11.48
2020-04-11,11.4,11.479999999999999
2020-04-12,10.3,11.406666666666666
2020-04-13,8.0,11.49
2020-04-14,10.9,11.616666666666667
2020-04-15,13.8,11.84
2020-04-16,11.7,11.973333333333334
2020-04-17,12.4,11.99
2020-04-18,12.9,11.933333333333334
2020-04-19,14.7,11.940000000000001
2020-04-20,9.7,11.803333333333335
2020-04-21,14.2,11.716666666666667
2020-04-22,13.5,11.823333333333332
2020-04-23,11.9,11.946666666666665
2020-04-24,12.2,12.02
2020-04-25,12.7,12.01
2020-04-26,18.3,12.08
2020-04-27,12.8,11.99
2020-04-28,12.3,12.28
2020-04-29,15.1,12.530000000000001
2020-04-30,18.0,12.803333333333335
2020-05-01,19.9,13.086666666666668
2020-05-02,20.6,13.31
2020-05-03,20.7,13.573333333333332
2020-05-04,19.3,13.693333333333333
2020-05-05,21.3,14.063333333333334
2020-05-06,15.8,14.186666666666666
2020-05-07,16.5,14.323333333333332
2020-05-08,16.7,14.403333333333334
2020-05-09,18.3,14.569999999999999
2020-05-10,21.5,14.913333333333332
2020-05-11,22.9,15.296666666666669
2020-05-12,21.7,15.676666666666668
2020-05-13,22.3,16.153333333333332
2020-05-14,20.8,16.483333333333334
2020-05-15,21.5,16.740000000000002
2020-05-16,18.5,16.966666666666665
2020-05-17,21.6,17.273333333333333
2020-05-18,19.2,17.483333333333334
2020-05-19,17.7,17.583333333333332
2020-05-20,12.7,17.683333333333334
2020-05-21,12.7,17.633333333333333
2020-05-22,15.3,17.69333333333333
2020-05-23,18.4,17.910000000000004
2020-05-24,20.8,18.196666666666665
2020-05-25,21.6,18.493333333333336
2020-05-26,20.9,18.58
2020-05-27,21.4,18.866666666666667
2020-05-28,19.4,19.10333333333333
2020-05-29,20.7,19.290000000000003
2020-05-30,22.0,19.423333333333336
2020-05-31,21.3,19.469999999999995
2020-06-01,19.6,19.436666666666667
2020-06-02,22.3,19.490000000000002
2020-06-03,24.0,19.64666666666667
2020-06-04,23.5,19.720000000000002
2020-06-05,24.8,20.02
2020-06-06,24.2,20.276666666666667
2020-06-07,22.0,20.453333333333333
2020-06-08,23.2,20.616666666666667
2020-06-09,25.5,20.75
2020-06-10,26.2,20.860000000000003
2020-06-11,25.1,20.973333333333336
2020-06-12,26.2,21.103333333333335
2020-06-13,21.3,21.12
2020-06-14,21.7,21.126666666666665
2020-06-15,25.9,21.37333333333333
2020-06-16,25.5,21.50333333333333
2020-06-17,23.6,21.65
2020-06-18,22.1,21.796666666666667
2020-06-19,18.7,21.99666666666667
2020-06-20,22.9,22.336666666666666
2020-06-21,21.9,22.55666666666667
2020-06-22,19.2,22.583333333333332
2020-06-23,22.3,22.633333333333333
2020-06-24,22.5,22.663333333333334
2020-06-25,20.2,22.64
2020-06-26,24.7,22.75
2020-06-27,25.5,22.953333333333333
2020-06-28,22.2,23.003333333333334
2020-06-29,24.9,23.1
2020-06-30,24.6,23.21
2020-07-01,25.1,23.393333333333334
2020-07-02,25.9,23.513333333333332
2020-07-03,23.8,23.506666666666664
2020-07-04,23.8,23.516666666666666
2020-07-05,24.9,23.52
2020-07-06,24.8,23.54
2020-07-07,27.2,23.71333333333333
2020-07-08,26.0,23.80666666666667
2020-07-09,23.7,23.746666666666666
2020-07-10,25.3,23.716666666666665
2020-07-11,27.5,23.796666666666667
2020-07-12,26.0,23.790000000000003
2020-07-13,21.0,23.779999999999998
2020-07-14,22.3,23.8
2020-07-15,20.4,23.616666666666667
2020-07-16,20.7,23.456666666666667
2020-07-17,19.3,23.313333333333333
2020-07-18,20.4,23.256666666666668
2020-07-19,24.3,23.44333333333333
2020-07-20,26.9,23.576666666666664
2020-07-21,25.5,23.696666666666665
2020-07-22,26.6,23.94333333333333
2020-07-23,23.2,23.973333333333336
2020-07-24,24.5,24.040000000000003
2020-07-25,25.1,24.20333333333333
2020-07-26,25.6,24.233333333333334
2020-07-27,26.3,24.26
2020-07-28,26.7,24.41
2020-07-29,22.9,24.34333333333333
2020-07-30,23.2,24.296666666666667
2020-07-31,24.8,24.286666666666665
2020-08-01,26.1,24.293333333333333
2020-08-02,26.3,24.37666666666667
2020-08-03,27.2,24.49
2020-08-04,28.3,24.603333333333335
2020-08-05,29.1,24.746666666666666
2020-08-06,28.5,24.79
2020-08-07,29.5,24.906666666666663
2020-08-08,28.1,25.053333333333335
2020-08-09,28.7,25.166666666666668
2020-08-10,30.5,25.266666666666666
2020-08-11,31.7,25.456666666666663
2020-08-12,30.0,25.756666666666664
2020-08-13,29.4,25.993333333333336
2020-08-14,29.4,26.293333333333337
2020-08-15,31.0,26.636666666666667
2020-08-16,31.2,27.033333333333335
2020-08-17,30.8,27.38
2020-08-18,30.3,27.58
2020-08-19,29.0,27.65
2020-08-20,29.7,27.790000000000003
2020-08-21,30.1,27.90666666666667
2020-08-22,29.3,28.11
2020-08-23,25.6,28.146666666666665
2020-08-24,27.2,28.216666666666665
2020-08-25,27.8,28.290000000000003
2020-08-26,28.8,28.37333333333333
2020-08-27,29.3,28.46
2020-08-28,30.2,28.703333333333333
2020-08-29,30.3,28.94
2020-08-30,30.0,29.113333333333337
2020-08-31,27.5,29.160000000000004
2020-09-01,24.9,29.113333333333333
2020-09-02,26.8,29.1
2020-09-03,28.4,29.10333333333333
2020-09-04,29.3,29.110000000000003
2020-09-05,28.6,29.113333333333337
2020-09-06,25.7,28.986666666666668
2020-09-07,26.7,28.94
2020-09-08,29.5,28.966666666666665
2020-09-09,29.0,28.916666666666668
2020-09-10,27.7,28.783333333333335
2020-09-11,28.3,28.72666666666667
2020-09-12,23.7,28.536666666666665
2020-09-13,23.3,28.333333333333332
2020-09-14,23.4,28.08
2020-09-15,23.8,27.833333333333332
2020-09-16,24.0,27.606666666666666
2020-09-17,24.9,27.42666666666667
2020-09-18,29.0,27.42666666666667
2020-09-19,24.7,27.259999999999998
2020-09-20,22.2,26.996666666666666
2020-09-21,22.0,26.753333333333334
2020-09-22,22.5,26.65
2020-09-23,20.2,26.416666666666668
2020-09-24,19.0,26.12333333333333
2020-09-25,19.4,25.81
2020-09-26,18.5,25.45
2020-09-27,19.7,25.1
2020-09-28,21.5,24.806666666666665
2020-09-29,19.7,24.46333333333333
2020-09-30,20.0,24.21333333333333
2020-10-01,19.5,24.033333333333335
2020-10-02,21.0,23.84
2020-10-03,21.7,23.616666666666667
2020-10-04,22.0,23.37333333333333
2020-10-05,21.7,23.14333333333333
2020-10-06,21.0,22.986666666666668
2020-10-07,18.3,22.706666666666663
2020-10-08,14.7,22.21333333333333
2020-10-09,14.5,21.73
2020-10-10,16.0,21.34
2020-10-11,19.8,21.056666666666665
2020-10-12,21.5,20.983333333333334
2020-10-13,22.1,20.94333333333333
2020-10-14,20.3,20.84
2020-10-15,16.8,20.60666666666667
2020-10-16,16.1,20.343333333333337
2020-10-17,12.7,19.936666666666664
2020-10-18,14.3,19.446666666666665
2020-10-19,13.1,19.060000000000002
2020-10-20,15.6,18.839999999999996
2020-10-21,16.0,18.639999999999997
2020-10-22,17.4,18.469999999999995
2020-10-23,16.8,18.35666666666667
2020-10-24,17.3,18.3
2020-10-25,15.5,18.169999999999998
2020-10-26,16.2,18.09333333333333
2020-10-27,16.7,17.993333333333332
2020-10-28,16.6,17.83
2020-10-29,17.3,17.75
2020-10-30,14.9,17.58
2020-10-31,13.8,17.39
2020-11-01,14.3,17.166666666666668
2020-11-02,15.6,16.96333333333333
2020-11-03,14.8,16.723333333333333
2020-11-04,13.7,16.456666666666667
2020-11-05,13.4,16.203333333333333
2020-11-06,12.8,16.02
2020-11-07,15.5,16.046666666666667
2020-11-08,17.3,16.14
2020-11-09,13.5,16.056666666666665
2020-11-10,11.9,15.793333333333333
2020-11-11,11.9,15.473333333333333
2020-11-12,10.2,15.076666666666666
2020-11-13,13.7,14.856666666666666
2020-11-14,14.7,14.786666666666667
2020-11-15,13.4,14.696666666666667
2020-11-16,14.7,14.763333333333332
2020-11-17,15.2,14.793333333333333
2020-11-18,15.8,14.883333333333333
2020-11-19,19.1,15.0
2020-11-20,21.9,15.196666666666665
2020-11-21,16.6,15.17
2020-11-22,15.0,15.110000000000001
2020-11-23,15.5,15.05
2020-11-24,11.8,14.926666666666668
2020-11-25,10.5,14.736666666666668
2020-11-26,12.8,14.606666666666666
2020-11-27,11.6,14.44
2020-11-28,11.8,14.256666666666668
2020-11-29,10.1,14.096666666666666
2020-11-30,9.9,13.966666666666667
2020-12-01,10.2,13.830000000000002
2020-12-02,8.2,13.583333333333334
2020-12-03,8.1,13.360000000000001
2020-12-04,9.2,13.21
2020-12-05,6.6,12.983333333333336
2020-12-06,8.2,12.830000000000002
2020-12-07,9.7,12.636666666666667
2020-12-08,11.4,12.44
2020-12-09,9.8,12.316666666666666
2020-12-10,9.3,12.229999999999999
2020-12-11,10.2,12.173333333333334
2020-12-12,11.4,12.213333333333335
2020-12-13,9.9,12.086666666666668
2020-12-14,8.5,11.879999999999999
2020-12-15,6.1,11.636666666666667
2020-12-16,4.6,11.3
2020-12-17,4.3,10.936666666666667
2020-12-18,6.1,10.613333333333335
2020-12-19,5.8,10.169999999999998
2020-12-20,4.4,9.586666666666668
2020-12-21,5.3,9.21
2020-12-22,5.6,8.896666666666667
2020-12-23,7.7,8.636666666666665
2020-12-24,8.0,8.51
2020-12-25,8.7,8.45
2020-12-26,6.4,8.236666666666666
2020-12-27,7.8,8.11
2020-12-28,8.5,7.999999999999999
2020-12-29,8.7,7.953333333333333
2020-12-30,6.9,7.8533333333333335
2020-12-31,3.4,7.626666666666666
2021-01-01,4.4,7.5
2021-01-02,4.8,7.39
2021-01-03,3.7,7.206666666666666
2021-01-04,5.8,7.180000000000001
2021-01-05,6.0,7.106666666666667
2021-01-06,5.3,6.959999999999999
2021-01-07,6.3,6.79
2021-01-08,2.4,6.543333333333334
2021-01-09,2.9,6.33
2021-01-10,2.6,6.076666666666667
2021-01-11,2.3,5.7733333333333325
2021-01-12,3.4,5.556666666666667
2021-01-13,5.8,5.466666666666667
2021-01-14,7.9,5.526666666666667
2021-01-15,6.6,5.593333333333334
2021-01-16,10.0,5.783333333333333
2021-01-17,6.1,5.783333333333333
2021-01-18,4.3,5.733333333333333
2021-01-19,4.4,5.733333333333333
2021-01-20,3.9,5.6866666666666665
2021-01-21,4.8,5.66
2021-01-22,8.7,5.6933333333333325
2021-01-23,6.4,5.64
2021-01-24,4.3,5.493333333333334
2021-01-25,7.6,5.533333333333333
2021-01-26,7.5,5.523333333333334
2021-01-27,10.3,5.583333333333333
2021-01-28,4.4,5.4399999999999995
2021-01-29,5.3,5.386666666666667
2021-01-30,4.1,5.41
2021-01-31,5.4,5.443333333333333
2021-02-01,7.2,5.5233333333333325
2021-02-02,8.8,5.693333333333333
2021-02-03,6.2,5.706666666666666
2021-02-04,7.0,5.739999999999999
2021-02-05,7.1,5.8
2021-02-06,8.9,5.886666666666667
2021-02-07,9.9,6.136666666666667
2021-02-08,6.1,6.243333333333333
2021-02-09,4.7,6.3133333333333335
2021-02-10,6.7,6.46
2021-02-11,8.7,6.636666666666667
2021-02-12,7.8,6.703333333333333
2021-02-13,10.4,6.786666666666666
2021-02-14,12.3,6.9766666666666675
2021-02-15,11.4,7.0233333333333325
2021-02-16,10.6,7.173333333333333
2021-02-17,7.6,7.283333333333333
2021-02-18,4.3,7.28
2021-02-19,6.9,7.38
2021-02-20,10.2,7.5600000000000005
2021-02-21,13.9,7.733333333333333
2021-02-22,14.9,8.016666666666667
2021-02-23,11.0,8.24
2021-02-24,6.4,8.2
2021-02-25,6.6,8.17
2021-02-26,8.7,8.116666666666667
2021-02-27,5.7,8.16
2021-02-28,6.6,8.203333333333333
2021-03-01,11.8,8.46
2021-03-02,13.5,8.729999999999999
2021-03-03,7.4,8.736666666666668
2021-03-04,9.0,8.743333333333334
2021-03-05,11.8,8.930000000000001
2021-03-06,13.8,9.156666666666666
2021-03-07,7.8,9.18
2021-03-08,6.6,9.103333333333333
2021-03-09,9.6,9.093333333333332
2021-03-10,12.0,9.29
2021-03-11,9.9,9.463333333333335
2021-03-12,12.7,9.663333333333332
2021-03-13,11.1,9.743333333333334
2021-03-14,12.5,9.9
2021-03-15,12.9,9.983333333333333
2021-03-16,14.5,10.056666666666667
2021-03-17,13.7,10.133333333333333
2021-03-18,12.3,10.19
2021-03-19,12.9,10.366666666666667
2021-03-20,14.1,10.693333333333333
2021-03-21,16.7,11.02
2021-03-22,12.1,11.083333333333334
2021-03-23,10.8,10.98
2021-03-24,13.8,10.943333333333332
2021-03-25,14.5,11.059999999999999
2021-03-26,14.5,11.33
2021-03-27,13.7,11.566666666666666
2021-03-28,16.5,11.826666666666664
2021-03-29,17.5,12.22
2021-03-30,17.8,12.593333333333332
2021-03-31,17.9,12.796666666666669
2021-04-01,16.6,12.9
2021-04-02,16.0,13.186666666666666
2021-04-03,16.9,13.45
2021-04-04,18.5,13.673333333333334
2021-04-05,12.9,13.643333333333334
2021-04-06,10.6,13.736666666666668
2021-04-07,13.3,13.959999999999999
2021-04-08,13.3,14.083333333333334
2021-04-09,11.9,14.080000000000002
2021-04-10,10.4,14.096666666666666
2021-04-11,12.5,14.09
2021-04-12,14.4,14.2
2021-04-13,15.7,14.306666666666667
2021-04-14,15.3,14.386666666666667
2021-04-15,10.7,14.26
2021-04-16,13.7,14.26
2021-04-17,15.7,14.373333333333333
2021-04-18,16.4,14.490000000000002
2021-04-19,15.8,14.546666666666665
2021-04-20,17.2,14.563333333333333
2021-04-21,19.1,14.796666666666665
2021-04-22,18.1,15.04
2021-04-23,13.8,15.040000000000001
2021-04-24,15.3,15.066666666666666
2021-04-25,16.9,15.146666666666668
2021-04-26,13.4,15.136666666666665
2021-04-27,14.6,15.073333333333334
2021-04-28,18.2,15.096666666666668
2021-04-29,17.2,15.076666666666666
2021-04-30,18.8,15.106666666666666
2021-05-01,17.7,15.143333333333334
2021-05-02,16.3,15.153333333333334
2021-05-03,16.4,15.136666666666665
2021-05-04,18.0,15.12
2021-05-05,18.3,15.3
2021-05-06,18.5,15.563333333333333
2021-05-07,17.5,15.703333333333335
2021-05-08,19.5,15.91
2021-05-09,23.0,16.279999999999998
2021-05-10,20.2,16.606666666666666
2021-05-11,17.5,16.773333333333333
2021-05-12,17.9,16.89
2021-05-13,16.1,16.903333333333332
2021-05-14,20.8,17.086666666666666
2021-05-15,21.2,17.436666666666667
2021-05-16,20.0,17.646666666666665
2021-05-17,23.0,17.889999999999997
2021-05-18,20.5,18.026666666666664
2021-05-19,17.2,18.073333333333334
2021-05-20,19.1,18.136666666666667
2021-05-21,21.7,18.223333333333333
2021-05-22,20.0,18.28666666666667
2021-05-23,19.6,18.48
2021-05-24,22.1,18.706666666666667
2021-05-25,22.4,18.89
2021-05-26,21.1,19.146666666666665
2021-05-27,16.9,19.223333333333336
2021-05-28,20.5,19.3
2021-05-29,22.8,19.486666666666665
2021-05-30,21.2,19.566666666666666
2021-05-31,20.6,19.663333333333334
2021-06-01,20.1,19.790000000000003
2021-06-02,22.0,19.97666666666667
2021-06-03,22.1,20.113333333333333
2021-06-04,21.0,20.20333333333333
2021-06-05,22.1,20.32333333333333
2021-06-06,21.7,20.46333333333333
2021-06-07,23.4,20.59333333333333
2021-06-08,24.8,20.65333333333333
2021-06-09,24.5,20.796666666666667
2021-06-10,24.1,21.016666666666666
2021-06-11,23.7,21.21
2021-06-12,23.3,21.45
2021-06-13,24.3,21.566666666666666
2021-06-14,21.0,21.560000000000002
2021-06-15,23.4,21.673333333333336
2021-06-16,22.2,21.646666666666665
2021-06-17,21.8,21.69
2021-06-18,22.8,21.876666666666665
2021-06-19,20.3,21.916666666666668
2021-06-20,22.8,21.953333333333333
2021-06-21,22.9,22.05
2021-06-22,23.1,22.166666666666668
2021-06-23,22.0,22.163333333333334
2021-06-24,22.8,22.176666666666666
2021-06-25,23.3,22.25
2021-06-26,24.2,22.493333333333332
2021-06-27,23.7,22.6
2021-06-28,24.4,22.653333333333332
2021-06-29,21.9,22.676666666666666
2021-06-30,20.6,22.676666666666666
2021-07-01,20.9,22.70333333333333
2021-07-02,21.2,22.676666666666666
2021-07-03,22.2,22.680000000000003
2021-07-04,20.1,22.65
2021-07-05,22.1,22.65
2021-07-06,24.7,22.75
2021-07-07,25.8,22.83
2021-07-08,23.7,22.793333333333337
2021-07-09,23.5,22.76
2021-07-10,27.0,22.85666666666667
2021-07-11,24.7,22.889999999999997
2021-07-12,25.8,22.973333333333336
2021-07-13,25.5,23.013333333333332
2021-07-14,25.3,23.156666666666663
2021-07-15,26.4,23.256666666666664
2021-07-16,27.7,23.44
2021-07-17,27.4,23.626666666666665
2021-07-18,28.1,23.803333333333335
2021-07-19,29.2,24.1
2021-07-20,28.8,24.3
2021-07-21,28.4,24.483333333333334
2021-07-22,28.4,24.66
2021-07-23,28.4,24.873333333333335
2021-07-24,28.5,25.063333333333336
2021-07-25,28.5,25.236666666666668
2021-07-26,27.5,25.34666666666667
2021-07-27,24.9,25.386666666666667
2021-07-28,27.7,25.496666666666666
2021-07-29,27.8,25.693333333333335
2021-07-30,25.8,25.866666666666667
2021-07-31,27.5,26.086666666666666
2021-08-01,28.7,26.336666666666666
2021-08-02,28.6,26.55
2021-08-03,29.0,26.84666666666667
2021-08-04,29.5,27.093333333333337
2021-08-05,29.1,27.24
2021-08-06,29.1,27.35
2021-08-07,27.9,27.49
2021-08-08,25.9,27.57
2021-08-09,28.1,27.606666666666666
2021-08-10,31.0,27.816666666666666
2021-08-11,29.2,27.93
2021-08-12,26.0,27.946666666666665
2021-08-13,22.5,27.853333333333335
2021-08-14,22.3,27.716666666666665
2021-08-15,19.3,27.436666666666667
2021-08-16,20.7,27.21333333333333
2021-08-17,23.7,27.066666666666666
2021-08-18,27.0,26.993333333333332
2021-08-19,28.5,26.983333333333334
2021-08-20,28.7,26.993333333333336
2021-08-21,27.9,26.97666666666667
2021-08-22,28.5,26.98
2021-08-23,26.9,26.926666666666666
2021-08-24,27.5,26.89333333333333
2021-08-25,29.4,26.956666666666663
2021-08-26,30.5,27.14333333333333
2021-08-27,30.0,27.220000000000002
2021-08-28,29.8,27.28666666666667
2021-08-29,28.5,27.37666666666667
2021-08-30,29.2,27.433333333333334
2021-08-31,26.9,27.37333333333333
2021-09-01,20.7,27.11
2021-09-02,19.4,26.79
2021-09-03,19.7,26.46333333333333
2021-09-04,20.6,26.180000000000003
2021-09-05,21.0,25.91
2021-09-06,19.9,25.643333333333334
2021-09-07,20.4,25.459999999999997
2021-09-08,20.3,25.2
2021-09-09,20.5,24.85
2021-09-10,24.8,24.703333333333333
2021-09-11,25.0,24.67
2021-09-12,24.4,24.733333333333334
2021-09-13,25.2,24.83
2021-09-14,22.8,24.946666666666665
2021-09-15,22.9,25.02
2021-09-16,22.3,24.973333333333333
2021-09-17,22.3,24.816666666666666
2021-09-18,23.7,24.656666666666663
2021-09-19,23.9,24.496666666666666
2021-09-20,22.4,24.313333333333333
2021-09-21,22.7,24.119999999999997
2021-09-22,24.9,24.053333333333335
2021-09-23,26.6,24.02333333333333
2021-09-24,25.4,23.89
2021-09-25,22.1,23.61
2021-09-26,19.9,23.273333333333333
2021-09-27,20.1,22.949999999999996
2021-09-28,21.1,22.70333333333333
2021-09-29,21.9,22.459999999999997
2021-09-30,23.2,22.336666666666666
2021-10-01,19.0,22.279999999999998
2021-10-02,21.9,22.363333333333333
2021-10-03,22.1,22.44333333333333
2021-10-04,23.5,22.540000000000003
2021-10-05,23.9,22.636666666666667
2021-10-06,22.8,22.733333333333334
2021-10-07,21.3,22.763333333333332
2021-10-08,24.2,22.893333333333334
2021-10-09,22.7,22.966666666666665
2021-10-10,22.2,22.88
2021-10-11,24.0,22.846666666666668
2021-10-12,20.5,22.716666666666665
2021-10-13,17.4,22.456666666666667
2021-10-14,19.1,22.333333333333332
2021-10-15,20.7,22.259999999999998
2021-10-16,21.0,22.216666666666665
2021-10-17,15.7,21.996666666666666
2021-10-18,13.6,21.660000000000004
2021-10-19,13.5,21.313333333333333
2021-10-20,16.1,21.103333333333335
2021-10-21,15.4,20.860000000000003
2021-10-22,11.2,20.40333333333333
2021-10-23,13.6,19.970000000000002
2021-10-24,13.4,19.569999999999997
2021-10-25,14.0,19.3
2021-10-26,15.0,19.136666666666663
2021-10-27,14.5,18.95
2021-10-28,17.6,18.833333333333332
2021-10-29,15.3,18.613333333333337
2021-10-30,14.5,18.323333333333334
2021-10-31,13.6,18.14333333333333
2021-11-01,16.8,17.973333333333336
2021-11-02,17.7,17.826666666666664
2021-11-03,17.1,17.613333333333333
2021-11-04,15.5,17.333333333333332
2021-11-05,15.3,17.083333333333332
2021-11-06,14.9,16.87
2021-11-07,15.7,16.586666666666666
2021-11-08,16.4,16.37666666666667
2021-11-09,16.1,16.173333333333332
2021-11-10,16.0,15.906666666666666
2021-11-11,15.4,15.736666666666666
2021-11-12,14.5,15.639999999999999
2021-11-13,13.1,15.44
2021-11-14,14.0,15.216666666666667
2021-11-15,14.3,14.993333333333334
2021-11-16,14.2,14.943333333333333
2021-11-17,13.5,14.94
2021-11-18,12.6,14.91
2021-11-19,12.5,14.790000000000001
2021-11-20,13.2,14.716666666666667
2021-11-21,12.5,14.76
2021-11-22,13.5,14.756666666666668
2021-11-23,12.5,14.726666666666667
2021-11-24,11.4,14.639999999999999
2021-11-25,12.3,14.55
2021-11-26,12.0,14.466666666666667
2021-11-27,9.6,14.2
2021-11-28,8.9,13.986666666666668
2021-11-29,8.1,13.773333333333335
2021-11-30,11.0,13.686666666666667
2021-12-01,15.5,13.643333333333334
2021-12-02,10.1,13.389999999999999
2021-12-03,9.7,13.143333333333333
2021-12-04,9.9,12.956666666666667
2021-12-05,8.6,12.733333333333333
2021-12-06,8.9,12.533333333333333
2021-12-07,11.8,12.403333333333334
2021-12-08,9.5,12.173333333333336
2021-12-09,10.2,11.976666666666667
2021-12-10,8.6,11.729999999999999
2021-12-11,9.4,11.530000000000001
2021-12-12,11.3,11.423333333333336
2021-12-13,9.7,11.31
2021-12-14,5.1,11.013333333333332
2021-12-15,7.6,10.79
2021-12-16,9.5,10.633333333333333
2021-12-17,8.7,10.473333333333333
2021-12-18,4.5,10.203333333333331
2021-12-19,4.3,9.93
2021-12-20,6.4,9.703333333333331
2021-12-21,8.2,9.56
2021-12-22,8.8,9.403333333333332
2021-12-23,8.3,9.263333333333332
2021-12-24,8.0,9.15
2021-12-25,8.3,9.016666666666667
2021-12-26,3.5,8.733333333333333
2021-12-27,2.7,8.503333333333334
2021-12-28,3.8,8.333333333333334
2021-12-29,4.2,8.203333333333333
2021-12-30,6.5,8.053333333333333
2021-12-31,3.2,7.6433333333333335
2022-01-01,3.4,7.420000000000001
2022-01-02,3.5,7.213333333333334
2022-01-03,5.5,7.066666666666666
2022-01-04,5.2,6.953333333333333
2022-01-05,4.1,6.793333333333333
2022-01-06,0.7,6.423333333333334
2022-01-07,2.6,6.193333333333333
2022-01-08,4.5,6.003333333333333
2022-01-09,6.3,5.926666666666666
2022-01-10,7.7,5.87
2022-01-11,5.7,5.683333333333334
2022-01-12,5.0,5.526666666666666
2022-01-13,5.7,5.546666666666667
2022-01-14,4.4,5.4399999999999995
2022-01-15,5.5,5.306666666666667
2022-01-16,5.4,5.196666666666667
2022-01-17,6.0,5.246666666666667
2022-01-18,4.4,5.25
2022-01-19,3.7,5.159999999999999
2022-01-20,3.4,5.0
2022-01-21,3.0,4.806666666666667
2022-01-22,4.5,4.680000000000001
2022-01-23,5.1,4.583333333333333
2022-01-24,6.4,4.52
2022-01-25,5.2,4.576666666666667
2022-01-26,5.5,4.670000000000001
2022-01-27,6.8,4.77
2022-01-28,6.6,4.85
2022-01-29,5.9,4.83
2022-01-30,5.2,4.8966666666666665
2022-01-31,4.9,4.946666666666666
2022-02-01,5.6,5.016666666666667
2022-02-02,5.5,5.016666666666667
2022-02-03,5.8,5.036666666666666
2022-02-04,4.9,5.0633333333333335
2022-02-05,3.5,5.156666666666666
2022-02-06,2.3,5.1466666666666665
2022-02-07,4.5,5.1466666666666665
2022-02-08,5.3,5.113333333333333
2022-02-09,6.2,5.0633333333333335
2022-02-10,2.3,4.95
2022-02-11,4.1,4.92
2022-02-12,4.7,4.886666666666667
2022-02-13,3.1,4.843333333333334
2022-02-14,3.9,4.790000000000001
2022-02-15,5.5,4.793333333333334
2022-02-16,6.0,4.793333333333334
2022-02-17,4.6,4.8
2022-02-18,5.7,4.866666666666666
2022-02-19,5.0,4.92
2022-02-20,5.9,5.016666666666667
2022-02-21,4.1,5.003333333333333
2022-02-22,4.4,4.98
2022-02-23,4.4,4.913333333333333
2022-02-24,4.8,4.9
2022-02-25,6.5,4.933333333333334
2022-02-26,8.6,4.993333333333334
2022-02-27,9.5,5.090000000000001
2022-02-28,9.8,5.220000000000001
2022-03-01,11.0,5.413333333333332
2022-03-02,11.2,5.623333333333334
2022-03-03,9.5,5.753333333333333
2022-03-04,8.1,5.84
2022-03-05,11.2,6.02
2022-03-06,8.1,6.126666666666667
2022-03-07,8.3,6.286666666666666
2022-03-08,6.3,6.42
2022-03-09,7.9,6.533333333333333
2022-03-10,9.0,6.656666666666667
2022-03-11,12.0,6.85
2022-03-12,14.6,7.260000000000001
2022-03-13,14.7,7.613333333333333
2022-03-14,16.4,8.003333333333334
2022-03-15,12.7,8.323333333333332
2022-03-16,14.1,8.663333333333332
2022-03-17,14.1,8.95
2022-03-18,5.2,8.923333333333334
2022-03-19,10.1,9.106666666666666
2022-03-20,9.9,9.246666666666666
2022-03-21,9.6,9.4
2022-03-22,3.7,9.326666666666666
2022-03-23,5.2,9.363333333333333
2022-03-24,8.2,9.49
2022-03-25,12.2,9.749999999999998
2022-03-26,16.1,10.126666666666667
2022-03-27,16.2,10.45
2022-03-28,13.5,10.613333333333333
2022-03-29,10.2,10.636666666666667
2022-03-30,14.5,10.793333333333331
2022-03-31,15.1,10.93
2022-04-01,7.6,10.81
2022-04-02,8.5,10.776666666666667
2022-04-03,8.2,10.78
2022-04-04,8.5,10.69
2022-04-05,12.6,10.84
2022-04-06,15.5,11.08
2022-04-07,14.3,11.346666666666666
2022-04-08,15.4,11.596666666666668
2022-04-09,17.2,11.870000000000001
2022-04-10,19.6,12.123333333333335
2022-04-11,18.9,12.266666666666667
2022-04-12,20.0,12.443333333333333
2022-04-13,20.8,12.59
2022-04-14,12.3,12.576666666666664
2022-04-15,10.1,12.443333333333333
2022-04-16,12.5,12.389999999999999
2022-04-17,13.7,12.673333333333334
2022-04-18,14.3,12.813333333333333
2022-04-19,15.3,12.993333333333334
2022-04-20,12.2,13.08
2022-04-21,16.4,13.503333333333334
2022-04-22,19.2,13.97
2022-04-23,20.8,14.390000000000002
2022-04-24,17.3,14.56
2022-04-25,19.9,14.686666666666667
2022-04-26,21.3,14.856666666666667
2022-04-27,23.0,15.173333333333336
2022-04-28,16.9,15.396666666666667
2022-04-29,12.9,15.343333333333332
2022-04-30,12.6,15.26
2022-05-01,12.7,15.43
2022-05-02,13.3,15.59
2022-05-03,15.2,15.823333333333332
2022-05-04,17.9,16.136666666666667
2022-05-05,19.8,16.37666666666667
2022-05-06,19.5,16.51
2022-05-07,18.5,16.65
2022-05-08,18.3,16.746666666666666
2022-05-09,14.1,16.643333333333334
2022-05-10,16.5,16.540000000000003
2022-05-11,18.7,16.533333333333335
2022-05-12,19.4,16.513333333333332
2022-05-13,18.8,16.446666666666665
2022-05-14,21.8,16.763333333333335
2022-05-15,17.5,17.01
2022-05-16,14.5,17.076666666666664
2022-05-17,15.7,17.14333333333333
2022-05-18,18.8,17.293333333333333
2022-05-19,20.5,17.466666666666665
2022-05-20,21.2,17.766666666666666
2022-05-21,18.2,17.826666666666668
2022-05-22,19.0,17.82
2022-05-23,19.6,17.779999999999998
2022-05-24,20.9,17.9
2022-05-25,21.8,17.96333333333333
2022-05-26,21.6,17.973333333333336
2022-05-27,21.0,17.90666666666667
2022-05-28,22.4,18.09
2022-05-29,24.1,18.46333333333333
2022-05-30,22.3,18.78666666666667
2022-05-31,18.7,18.986666666666668
2022-06-01,21.8,19.27
2022-06-02,22.5,19.513333333333332
2022-06-03,20.6,19.603333333333335
2022-06-04,20.3,19.619999999999997
2022-06-05,21.5,19.686666666666664
2022-06-06,16.6,19.62333333333333
2022-06-07,16.8,19.573333333333334
2022-06-08,17.2,19.676666666666666
2022-06-09,19.1,19.763333333333332
2022-06-10,21.2,19.84666666666667
2022-06-11,21.9,19.93
2022-06-12,21.4,20.016666666666666
2022-06-13,21.2,19.99666666666667
2022-06-14,17.3,19.990000000000002
2022-06-15,16.9,20.07
2022-06-16,20.3,20.223333333333336
2022-06-17,22.8,20.35666666666667
2022-06-18,22.7,20.430000000000003
2022-06-19,24.0,20.523333333333333
2022-06-20,25.1,20.75333333333333
2022-06-21,25.2,20.959999999999997
2022-06-22,23.8,21.1
2022-06-23,23.5,21.186666666666664
2022-06-24,27.5,21.376666666666665
2022-06-25,30.0,21.656666666666663
2022-06-26,29.6,21.94333333333333
2022-06-27,29.5,22.18
2022-06-28,29.2,22.35
2022-06-29,29.4,22.586666666666666
2022-06-30,30.8,22.99
2022-07-01,30.4,23.276666666666667
2022-07-02,29.5,23.51
2022-07-03,28.9,23.78666666666667
2022-07-04,26.5,23.993333333333336
2022-07-05,26.2,24.15
2022-07-06,26.0,24.46333333333333
2022-07-07,25.5,24.75333333333333
2022-07-08,26.0,25.046666666666667
2022-07-09,26.6,25.296666666666667
2022-07-10,27.4,25.50333333333333
2022-07-11,28.1,25.709999999999997
2022-07-12,25.9,25.86
2022-07-13,23.7,25.94333333333333
2022-07-14,23.8,26.16
2022-07-15,23.8,26.39
2022-07-16,23.5,26.496666666666666
2022-07-17,25.4,26.583333333333332
2022-07-18,27.5,26.743333333333332
2022-07-19,27.4,26.856666666666666
2022-07-20,29.7,27.01
2022-07-21,28.1,27.10666666666667
2022-07-22,28.3,27.256666666666668
2022-07-23,28.7,27.430000000000003
2022-07-24,28.3,27.456666666666667
2022-07-25,29.2,27.430000000000003
2022-07-26,26.6,27.33
2022-07-27,29.4,27.326666666666668
2022-07-28,28.8,27.313333333333333
2022-07-29,29.1,27.303333333333335
2022-07-30,29.9,27.273333333333333
2022-07-31,30.8,27.286666666666665
2022-08-01,30.6,27.32333333333333
2022-08-02,31.6,27.413333333333334
2022-08-03,31.5,27.58
2022-08-04,24.6,27.526666666666667
2022-08-05,23.8,27.453333333333333
2022-08-06,25.2,27.443333333333335
2022-08-07,27.6,27.49666666666667
2022-08-08,29.8,27.603333333333335
2022-08-09,30.9,27.720000000000002
2022-08-10,30.5,27.8
2022-08-11,29.5,27.92
2022-08-12,28.3,28.073333333333334
2022-08-13,25.5,28.130000000000003
2022-08-14,28.2,28.276666666666664
2022-08-15,29.4,28.473333333333333
2022-08-16,31.0,28.66
2022-08-17,27.3,28.653333333333332
2022-08-18,26.8,28.633333333333333
2022-08-19,27.5,28.56
2022-08-20,26.4,28.50333333333333
2022-08-21,26.0,28.426666666666666
2022-08-22,26.2,28.34333333333333
2022-08-23,28.7,28.35666666666667
2022-08-24,27.8,28.31
2022-08-25,25.7,28.280000000000005
2022-08-26,27.0,28.2
2022-08-27,29.0,28.206666666666667
2022-08-28,23.7,28.026666666666664
2022-08-29,23.3,27.80666666666667
2022-08-30,22.8,27.540000000000003
2022-08-31,27.1,27.423333333333336
2022-09-01,27.1,27.273333333333333
2022-09-02,23.2,26.996666666666666
2022-09-03,24.6,26.996666666666666
2022-09-04,26.1,27.073333333333334
2022-09-05,26.6,27.12
2022-09-06,27.8,27.126666666666665
2022-09-07,26.8,27.026666666666664
2022-09-08,23.5,26.780000000000005
2022-09-09,24.5,26.580000000000002
2022-09-10,25.3,26.44
2022-09-11,24.4,26.31
2022-09-12,25.8,26.319999999999997
2022-09-13,26.1,26.25
2022-09-14,26.7,26.160000000000004
2022-09-15,23.6,25.913333333333338
2022-09-16,25.1,25.84
2022-09-17,26.9,25.843333333333337
2022-09-18,25.2,25.766666666666666
2022-09-19,27.1,25.790000000000003
2022-09-20,22.3,25.66666666666667
2022-09-21,19.5,25.443333333333335
2022-09-22,20.3,25.163333333333334
2022-09-23,21.7,24.96
2022-09-24,23.1,24.87333333333333
2022-09-25,22.9,24.736666666666668
2022-09-26,23.3,24.546666666666667
2022-09-27,23.2,24.530000000000005
2022-09-28,22.8,24.513333333333332
2022-09-29,22.4,24.5
2022-09-30,23.2,24.37
2022-10-01,23.6,24.253333333333334
2022-10-02,23.5,24.263333333333335
2022-10-03,23.0,24.21
2022-10-04,25.2,24.18
2022-10-05,19.8,23.953333333333333
2022-10-06,13.1,23.46333333333333
2022-10-07,12.4,22.983333333333334
2022-10-08,16.1,22.736666666666665
2022-10-09,17.0,22.486666666666665
2022-10-10,18.1,22.246666666666666
2022-10-11,21.6,22.153333333333332
2022-10-12,18.5,21.91
2022-10-13,15.8,21.566666666666666
2022-10-14,17.9,21.273333333333333
2022-10-15,20.2,21.16
2022-10-16,20.0,20.99
2022-10-17,20.1,20.763333333333332
2022-10-18,16.2,20.463333333333335
2022-10-19,14.6,20.046666666666667
2022-10-20,14.7,19.793333333333333
2022-10-21,16.7,19.7
2022-10-22,16.6,19.576666666666664
2022-10-23,18.2,19.459999999999997
2022-10-24,13.3,19.133333333333333
2022-10-25,12.8,18.796666666666667
2022-10-26,13.8,18.48
2022-10-27,12.8,18.133333333333333
2022-10-28,13.5,17.823333333333334
2022-10-29,15.8,17.603333333333335
2022-10-30,13.8,17.290000000000003
2022-10-31,14.7,16.993333333333332
2022-11-01,14.8,16.703333333333333
2022-11-02,16.7,16.493333333333332
2022-11-03,17.8,16.246666666666666
2022-11-04,15.5,16.103333333333335
2022-11-05,14.0,16.133333333333333
2022-11-06,13.5,16.17
2022-11-07,13.7,16.09
2022-11-08,15.9,16.05333333333333
2022-11-09,14.6,15.936666666666667
2022-11-10,15.2,15.723333333333333
2022-11-11,16.1,15.643333333333334
2022-11-12,16.6,15.669999999999998
2022-11-13,18.0,15.673333333333334
2022-11-14,16.1,15.536666666666667
2022-11-15,11.1,15.240000000000002
2022-11-16,12.4,14.983333333333333
2022-11-17,12.8,14.870000000000001
2022-11-18,13.2,14.823333333333332
2022-11-19,13.7,14.79
2022-11-20,11.6,14.620000000000001
2022-11-21,13.4,14.513333333333332
2022-11-22,15.4,14.42
2022-11-23,11.7,14.366666666666667
2022-11-24,15.3,14.45
2022-11-25,13.5,14.440000000000001
2022-11-26,12.7,14.436666666666667
2022-11-27,14.4,14.466666666666667
2022-11-28,11.7,14.33
2022-11-29,16.7,14.426666666666668
2022-11-30,16.6,14.49
2022-12-01,10.1,14.333333333333334
2022-12-02,9.4,14.09
2022-12-03,7.8,13.756666666666666
2022-12-04,10.2,13.58
2022-12-05,7.6,13.366666666666667
2022-12-06,6.1,13.12
2022-12-07,8.5,12.946666666666665
2022-12-08,9.3,12.726666666666667
2022-12-09,9.3,12.55
2022-12-10,10.4,12.389999999999999
2022-12-11,9.5,12.169999999999998
2022-12-12,8.2,11.890000000000002
2022-12-13,7.2,11.530000000000001
2022-12-14,9.2,11.3
2022-12-15,7.0,11.163333333333332
2022-12-16,8.2,11.023333333333333
2022-12-17,6.7,10.819999999999999
2022-12-18,6.5,10.596666666666666
2022-12-19,4.9,10.303333333333335
2022-12-20,5.4,10.096666666666666
2022-12-21,6.5,9.866666666666667
2022-12-22,7.2,9.593333333333332
2022-12-23,5.4,9.383333333333333
2022-12-24,6.2,9.08
2022-12-25,6.9,8.859999999999998
2022-12-26,6.3,8.646666666666667
2022-12-27,6.8,8.393333333333334
2022-12-28,6.5,8.22
2022-12-29,8.1,7.933333333333334
2022-12-30,6.6,7.6
2022-12-31,5.7,7.453333333333333
2023-01-01,6.6,7.359999999999999
2023-01-02,6.2,7.3066666666666675
2023-01-03,5.8,7.159999999999999
2023-01-04,5.6,7.093333333333333
2023-01-05,5.9,7.086666666666667
2023-01-06,5.3,6.98
2023-01-07,6.0,6.870000000000001
2023-01-08,7.0,6.793333333333334
2023-01-09,8.0,6.713333333333334
2023-01-10,6.3,6.6066666666666665
2023-01-11,5.4,6.513333333333334
2023-01-12,6.1,6.476666666666666
2023-01-13,8.7,6.46
2023-01-14,9.5,6.543333333333334
2023-01-15,10.3,6.613333333333333
2023-01-16,6.3,6.6
2023-01-17,4.7,6.54
2023-01-18,7.3,6.62
2023-01-19,6.3,6.65
2023-01-20,7.6,6.6866666666666665
2023-01-21,5.6,6.633333333333334
2023-01-22,4.9,6.616666666666666
2023-01-23,4.5,6.5600000000000005
2023-01-24,4.7,6.486666666666666
2023-01-25,-0.3,6.266666666666667
2023-01-26,3.0,6.140000000000001
2023-01-27,3.8,6.05
2023-01-28,3.7,5.903333333333334
2023-01-29,3.4,5.796666666666666
2023-01-30,4.2,5.746666666666667
2023-01-31,4.6,5.680000000000001
2023-02-01,6.8,5.7
2023-02-02,6.4,5.72
2023-02-03,4.8,5.693333333333333
2023-02-04,6.5,5.713333333333334
2023-02-05,6.8,5.763333333333334
2023-02-06,7.8,5.823333333333333
2023-02-07,10.5,5.9399999999999995
2023-02-08,8.7,5.963333333333333
2023-02-09,6.2,5.96
2023-02-10,1.9,5.843333333333334
2023-02-11,8.7,5.930000000000001
2023-02-12,11.0,6.006666666666666
2023-02-13,7.7,5.946666666666666
2023-02-14,5.6,5.790000000000001
2023-02-15,3.5,5.696666666666667
2023-02-16,4.1,5.676666666666667
2023-02-17,5.7,5.623333333333333
2023-02-18,8.9,5.709999999999999
2023-02-19,11.8,5.85
2023-02-20,9.7,5.986666666666666
2023-02-21,4.7,5.9799999999999995
2023-02-22,5.5,6.013333333333333
2023-02-23,8.5,6.14
2023-02-24,8.9,6.446666666666666
2023-02-25,7.5,6.596666666666666
2023-02-26,6.0,6.67
2023-02-27,8.7,6.836666666666667
2023-02-28,11.6,7.11
2023-03-01,13.8,7.429999999999999
2023-03-02,12.8,7.703333333333333
2023-03-03,7.8,7.736666666666666
2023-03-04,10.5,7.873333333333334
2023-03-05,9.5,8.03
2023-03-06,9.9,8.143333333333334
2023-03-07,12.1,8.32
2023-03-08,14.0,8.526666666666667
2023-03-09,15.9,8.706666666666667
2023-03-10,17.3,8.993333333333334
2023-03-11,14.7,9.276666666666667
2023-03-12,14.5,9.696666666666665
2023-03-13,13.9,9.870000000000001
2023-03-14,10.0,9.836666666666668
2023-03-15,12.3,9.990000000000002
2023-03-16,14.5,10.286666666666667
2023-03-17,12.5,10.586666666666668
2023-03-18,8.1,10.72
2023-03-19,10.0,10.863333333333333
2023-03-20,13.1,11.003333333333334
2023-03-21,14.7,11.1
2023-03-22,17.2,11.35
2023-03-23,16.5,11.743333333333334
2023-03-24,18.1,12.163333333333334
2023-03-25,11.0,12.246666666666668
2023-03-26,11.4,12.33
2023-03-27,13.4,12.526666666666667
2023-03-28,10.2,12.666666666666666
2023-03-29,12.6,12.796666666666665
2023-03-30,14.1,12.88
2023-03-31,15.0,12.92
2023-04-01,16.0,13.026666666666667
2023-04-02,14.1,13.236666666666668
2023-04-03,12.8,13.313333333333333
2023-04-04,14.0,13.463333333333333
2023-04-05,16.1,13.67
2023-04-06,18.8,13.893333333333334
2023-04-07,18.5,14.043333333333333
2023-04-08,14.6,14.0
2023-04-09,11.8,13.816666666666666
2023-04-10,14.6,13.813333333333334
2023-04-11,18.2,13.936666666666667
2023-04-12,19.2,14.113333333333333
2023-04-13,16.1,14.316666666666666
2023-04-14,18.2,14.513333333333332
2023-04-15,14.3,14.506666666666666
2023-04-16,16.2,14.629999999999999
2023-04-17,15.1,14.863333333333335
2023-04-18,13.6,14.983333333333333
2023-04-19,18.0,15.146666666666667
2023-04-20,20.4,15.336666666666668
2023-04-21,21.6,15.483333333333333
2023-04-22,14.9,15.430000000000001
2023-04-23,14.2,15.3
2023-04-24,13.2,15.373333333333333
2023-04-25,14.1,15.463333333333335
2023-04-26,15.6,15.536666666666665
2023-04-27,17.2,15.77
2023-04-28,18.7,15.973333333333334
2023-04-29,19.4,16.15
2023-04-30,19.7,16.306666666666665
2023-05-01,17.8,16.366666666666667
2023-05-02,17.4,16.476666666666667
2023-05-03,17.8,16.643333333333334
2023-05-04,19.7,16.833333333333332
2023-05-05,21.1,17.0
2023-05-06,23.0,17.139999999999997
2023-05-07,17.6,17.11
2023-05-08,12.9,17.053333333333335
2023-05-09,15.1,17.163333333333334
2023-05-10,17.7,17.266666666666666
2023-05-11,15.8,17.186666666666667
2023-05-12,17.1,17.116666666666667
2023-05-13,16.7,17.136666666666667
2023-05-14,16.9,17.09333333333333
2023-05-15,16.1,17.153333333333332
2023-05-16,19.9,17.276666666666664
2023-05-17,22.8,17.533333333333335
2023-05-18,25.4,17.926666666666666
2023-05-19,20.6,18.013333333333332
2023-05-20,18.8,17.959999999999997
2023-05-21,21.1,17.94333333333333
2023-05-22,22.5,18.196666666666665
2023-05-23,13.9,18.186666666666667
2023-05-24,18.2,18.353333333333335
2023-05-25,18.6,18.503333333333334
2023-05-26,20.1,18.65333333333333
2023-05-27,21.2,18.78666666666667
2023-05-28,21.6,18.883333333333333
2023-05-29,19.8,18.896666666666665
2023-05-30,21.4,18.95333333333333
2023-05-31,19.3,19.003333333333334
2023-06-01,20.8,19.116666666666667
2023-06-02,21.3,19.233333333333334
2023-06-03,20.0,19.243333333333336
2023-06-04,21.6,19.259999999999998
2023-06-05,23.1,19.263333333333332
2023-06-06,20.7,19.366666666666667
2023-06-07,22.5,19.686666666666667
2023-06-08,23.1,19.953333333333333
2023-06-09,20.2,20.03666666666667
2023-06-10,22.4,20.256666666666664
2023-06-11,21.2,20.39333333333333
2023-06-12,21.3,20.546666666666667
2023-06-13,23.7,20.773333333333333
2023-06-14,23.6,21.023333333333333
2023-06-15,21.7,21.083333333333332
2023-06-16,24.6,21.14333333333333
2023-06-17,25.4,21.14333333333333
2023-06-18,25.7,21.313333333333333
2023-06-19,23.7,21.47666666666667
2023-06-20,22.5,21.523333333333333
2023-06-21,22.6,21.526666666666664
2023-06-22,19.9,21.72666666666667
2023-06-23,21.1,21.82333333333333
2023-06-24,24.7,22.026666666666664
2023-06-25,25.8,22.216666666666665
2023-06-26,25.9,22.373333333333335
2023-06-27,25.9,22.516666666666666
2023-06-28,27.1,22.76
2023-06-29,27.3,22.956666666666667
2023-06-30,26.3,23.189999999999998
2023-07-01,25.3,23.34
2023-07-02,26.0,23.496666666666666
2023-07-03,27.3,23.74
2023-07-04,25.9,23.883333333333333
2023-07-05,25.2,23.953333333333333
2023-07-06,26.4,24.14333333333333
2023-07-07,28.4,24.339999999999996
2023-07-08,27.8,24.496666666666666
2023-07-09,28.6,24.776666666666667
2023-07-10,30.2,25.03666666666667
2023-07-11,29.4,25.31
2023-07-12,30.8,25.62666666666667
2023-07-13,28.0,25.77
2023-07-14,27.4,25.896666666666665
2023-07-15,28.8,26.133333333333333
2023-07-16,30.2,26.32
2023-07-17,31.3,26.516666666666666
2023-07-18,31.8,26.720000000000002
2023-07-19,29.7,26.919999999999998
2023-07-20,28.1,27.106666666666666
2023-07-21,27.2,27.26
2023-07-22,27.2,27.50333333333333
2023-07-23,27.7,27.723333333333336
2023-07-24,28.5,27.85
2023-07-25,29.8,27.983333333333334
2023-07-26,31.0,28.15333333333333
2023-07-27,30.6,28.31
2023-07-28,30.4,28.419999999999998
2023-07-29,30.0,28.509999999999998
2023-07-30,30.3,28.643333333333334
2023-07-31,30.7,28.82333333333333
2023-08-01,26.0,28.82333333333333
2023-08-02,28.9,28.87666666666667
2023-08-03,30.2,29.02
2023-08-04,31.3,29.223333333333336
2023-08-05,30.4,29.35666666666667
2023-08-06,28.6,29.363333333333337
2023-08-07,29.4,29.416666666666668
2023-08-08,30.1,29.466666666666665
2023-08-09,28.2,29.4
2023-08-10,29.5,29.403333333333332
2023-08-11,29.5,29.36
2023-08-12,29.7,29.416666666666668
2023-08-13,27.4,29.416666666666668
2023-08-14,28.6,29.410000000000004
2023-08-15,28.6,29.35666666666667
2023-08-16,28.1,29.25
2023-08-17,29.9,29.186666666666667
2023-08-18,30.0,29.19666666666667
2023-08-19,30.3,29.27
2023-08-20,30.3,29.37333333333333
2023-08-21,29.8,29.46
2023-08-22,28.6,29.490000000000002
2023-08-23,29.4,29.52
2023-08-24,29.5,29.51
2023-08-25,29.6,29.463333333333335
2023-08-26,28.1,29.38
2023-08-27,28.0,29.3
2023-08-28,29.2,29.273333333333333
2023-08-29,29.4,29.243333333333332
2023-08-30,29.6,29.206666666666667
2023-08-31,29.0,29.30666666666667
2023-09-01,29.2,29.316666666666666
2023-09-02,29.6,29.296666666666667
2023-09-03,29.1,29.223333333333333
2023-09-04,26.1,29.08
2023-09-05,29.3,29.10333333333333
2023-09-06,27.5,29.040000000000003
2023-09-07,27.0,28.936666666666664
2023-09-08,21.9,28.72666666666667
2023-09-09,24.8,28.57
2023-09-10,27.8,28.513333333333335
2023-09-11,28.1,28.459999999999997
2023-09-12,27.7,28.470000000000002
2023-09-13,28.0,28.45
2023-09-14,28.2,28.436666666666664
2023-09-15,27.4,28.413333333333338
2023-09-16,27.9,28.346666666666668
2023-09-17,28.7,28.30333333333333
2023-09-18,28.9,28.256666666666668
2023-09-19,29.0,28.213333333333335
2023-09-20,27.2,28.126666666666665
2023-09-21,26.7,28.063333333333333
2023-09-22,24.8,27.91
2023-09-23,22.1,27.663333333333334
2023-09-24,22.2,27.416666666666668
2023-09-25,22.4,27.22666666666667
2023-09-26,24.6,27.113333333333337
2023-09-27,25.3,26.983333333333334
2023-09-28,27.4,26.916666666666668
2023-09-29,26.3,26.80666666666667
2023-09-30,25.6,26.69333333333333
2023-10-01,25.6,26.57333333333333
2023-10-02,23.3,26.363333333333337
2023-10-03,22.8,26.153333333333332
2023-10-04,18.7,25.90666666666667
2023-10-05,20.0,25.59666666666667
2023-10-06,20.8,25.373333333333335
2023-10-07,20.4,25.153333333333332
2023-10-08,18.1,25.026666666666664
2023-10-09,15.4,24.71333333333333
2023-10-10,20.2,24.459999999999997
2023-10-11,19.8,24.183333333333334
2023-10-12,19.4,23.906666666666663
2023-10-13,18.5,23.589999999999996
2023-10-14,18.2,23.256666666666668
2023-10-15,14.9,22.839999999999996
2023-10-16,19.0,22.543333333333333
2023-10-17,19.5,22.236666666666668
2023-10-18,18.9,21.90333333333333
2023-10-19,20.3,21.613333333333333
2023-10-20,21.8,21.433333333333334
2023-10-21,19.0,21.176666666666666
2023-10-22,15.9,20.88
2023-10-23,16.7,20.7
2023-10-24,17.7,20.55
2023-10-25,17.7,20.39333333333333
2023-10-26,16.9,20.136666666666663
2023-10-27,17.8,19.886666666666667
2023-10-28,17.5,19.55666666666667
2023-10-29,16.3,19.223333333333333
2023-10-30,16.9,18.933333333333334
2023-10-31,17.2,18.653333333333332
2023-11-01,18.0,18.476666666666667
2023-11-02,18.2,18.323333333333334
2023-11-03,18.8,18.326666666666664
2023-11-04,19.7,18.316666666666666
2023-11-05,20.0,18.290000000000003
2023-11-06,21.4,18.323333333333334
2023-11-07,22.3,18.46333333333333
2023-11-08,17.7,18.540000000000003
2023-11-09,17.1,18.436666666666667
2023-11-10,15.5,18.293333333333337
2023-11-11,13.7,18.103333333333335
2023-11-12,10.0,17.82
2023-11-13,11.1,17.583333333333332
2023-11-14,12.1,17.490000000000002
2023-11-15,11.8,17.25
2023-11-16,12.9,17.03
2023-11-17,11.5,16.783333333333335
2023-11-18,12.3,16.516666666666666
2023-11-19,12.1,16.193333333333335
2023-11-20,12.4,15.973333333333333
2023-11-21,11.9,15.84
2023-11-22,13.4,15.729999999999999
2023-11-23,14.7,15.63
2023-11-24,16.7,15.596666666666668
2023-11-25,10.5,15.383333333333333
2023-11-26,7.7,15.046666666666665
2023-11-27,11.0,14.83
2023-11-28,13.9,14.75
2023-11-29,11.5,14.569999999999999
2023-11-30,11.3,14.373333333333333
2023-12-01,8.7,14.063333333333333
2023-12-02,8.3,13.733333333333333
2023-12-03,9.1,13.41
2023-12-04,8.7,13.043333333333333
2023-12-05,8.1,12.646666666666668
2023-12-06,11.4,12.313333333333333
2023-12-07,12.9,12.0
2023-12-08,12.3,11.819999999999999
2023-12-09,11.9,11.646666666666668
2023-12-10,13.0,11.563333333333334
2023-12-11,13.4,11.553333333333335
2023-12-12,11.9,11.616666666666667
2023-12-13,10.8,11.606666666666666
2023-12-14,10.2,11.543333333333331
2023-12-15,11.0,11.516666666666667
2023-12-16,17.0,11.653333333333334
2023-12-17,11.2,11.643333333333334
2023-12-18,7.0,11.466666666666667
2023-12-19,7.0,11.296666666666669
2023-12-20,8.5,11.166666666666666
2023-12-21,7.7,11.026666666666667
2023-12-22,5.3,10.756666666666668
2023-12-23,5.0,10.433333333333334
2023-12-24,4.9,10.04
2023-12-25,6.3,9.9
2023-12-26,7.6,9.896666666666667
2023-12-27,8.4,9.81
2023-12-28,7.0,9.580000000000002
2023-12-29,7.8,9.456666666666669
2023-12-30,9.0,9.38
2023-12-31,9.2,9.396666666666668
2024-01-01,9.2,9.426666666666668
2024-01-02,6.1,9.326666666666666
2024-01-03,7.4,9.283333333333333
2024-01-04,9.7,9.336666666666666
2024-01-05,7.4,9.203333333333335
2024-01-06,9.1,9.076666666666666
2024-01-07,8.3,8.943333333333333
2024-01-08,5.4,8.726666666666665
2024-01-09,5.4,8.473333333333334
2024-01-10,7.2,8.266666666666667
2024-01-11,4.8,8.03
2024-01-12,7.1,7.906666666666666
2024-01-13,5.9,7.763333333333334
2024-01-14,6.4,7.61
2024-01-15,6.3,7.253333333333333
2024-01-16,3.7,7.003333333333334
2024-01-17,6.2,6.9766666666666675
2024-01-18,8.5,7.026666666666667
2024-01-19,10.2,7.083333333333333
2024-01-20,6.3,7.036666666666666
2024-01-21,8.1,7.13
2024-01-22,10.7,7.320000000000001
2024-01-23,9.0,7.456666666666666
2024-01-24,4.5,7.396666666666666
2024-01-25,4.2,7.283333333333333
2024-01-26,6.2,7.209999999999999
2024-01-27,7.2,7.216666666666667
2024-01-28,6.0,7.156666666666667
2024-01-29,6.8,7.083333333333333
2024-01-30,7.7,7.033333333333333
2024-01-31,9.3,7.036666666666666
2024-02-01,9.8,7.16
2024-02-02,5.0,7.08
2024-02-03,6.9,6.986666666666666
2024-02-04,4.9,6.903333333333334
2024-02-05,3.0,6.7
2024-02-06,3.4,6.536666666666666
2024-02-07,4.7,6.513333333333334
2024-02-08,5.7,6.5233333333333325
2024-02-09,6.8,6.510000000000001
2024-02-10,7.1,6.586666666666667
2024-02-11,8.1,6.62
2024-02-12,7.3,6.666666666666667
2024-02-13,9.6,6.7733333333333325
2024-02-14,10.9,6.926666666666667
2024-02-15,14.4,7.283333333333333
2024-02-16,10.6,7.430000000000001
2024-02-17,9.0,7.446666666666667
2024-02-18,13.4,7.553333333333334
2024-02-19,15.0,7.843333333333334
2024-02-20,18.1,8.176666666666668
2024-02-21,8.7,8.110000000000001
2024-02-22,5.5,7.993333333333334
2024-02-23,2.8,7.936666666666667
2024-02-24,5.3,7.973333333333333
2024-02-25,4.4,7.913333333333333
2024-02-26,7.8,7.933333333333334
2024-02-27,7.0,7.966666666666667
2024-02-28,8.3,8.016666666666667
2024-02-29,7.6,8.013333333333334
2024-03-01,9.9,8.033333333333333
2024-03-02,6.3,7.916666666666667
2024-03-03,7.5,8.0
2024-03-04,9.4,8.083333333333334
2024-03-05,6.4,8.133333333333333
2024-03-06,5.6,8.22
2024-03-07,6.9,8.336666666666668
2024-03-08,4.5,8.33
2024-03-09,6.1,8.343333333333334
2024-03-10,6.7,8.34
2024-03-11,8.2,8.376666666666667
2024-03-12,7.8,8.366666666666667
2024-03-13,9.5,8.44
2024-03-14,9.5,8.436666666666666
2024-03-15,11.8,8.466666666666667
2024-03-16,14.8,8.479999999999999
2024-03-17,16.0,8.66
2024-03-18,9.5,8.676666666666668
2024-03-19,8.4,8.51
2024-03-20,8.5,8.293333333333333
2024-03-21,6.5,7.906666666666666
2024-03-22,7.2,7.856666666666667
2024-03-23,5.7,7.863333333333333
2024-03-24,10.2,8.110000000000001
2024-03-25,11.3,8.31
2024-03-26,9.4,8.476666666666667
2024-03-27,10.9,8.58
2024-03-28,10.9,8.71
2024-03-29,16.3,8.976666666666667
2024-03-30,17.8,9.316666666666666
2024-03-31,19.5,9.636666666666665
2024-04-01,14.6,9.913333333333332
2024-04-02,14.2,10.136666666666665
2024-04-03,13.9,10.286666666666667
2024-04-04,15.4,10.586666666666668
2024-04-05,11.4,10.78
2024-04-06,12.7,10.973333333333334
2024-04-07,17.0,11.390000000000002
2024-04-08,18.8,11.813333333333333
2024-04-09,15.6,12.110000000000001
2024-04-10,11.7,12.226666666666667
2024-04-11,14.0,12.433333333333334
2024-04-12,15.0,12.616666666666667
2024-04-13,16.4,12.846666666666668
2024-04-14,18.0,13.053333333333335
2024-04-15,19.4,13.206666666666667
2024-04-16,19.2,13.313333333333333
2024-04-17,20.1,13.666666666666666
2024-04-18,17.9,13.983333333333333
2024-04-19,18.3,14.31
2024-04-20,19.4,14.74
2024-04-21,18.4,15.113333333333335
2024-04-22,15.6,15.443333333333332
2024-04-23,16.9,15.666666666666666
2024-04-24,15.0,15.79
2024-04-25,19.5,16.12666666666667
2024-04-26,20.3,16.44
2024-04-27,19.5,16.726666666666667
2024-04-28,21.6,16.903333333333332
2024-04-29,21.2,17.016666666666666
2024-04-30,20.9,17.063333333333336
2024-05-01,16.5,17.126666666666665
2024-05-02,15.3,17.163333333333334
2024-05-03,17.7,17.29
2024-05-04,20.9,17.473333333333336
2024-05-05,21.5,17.810000000000002
2024-05-06,20.9,18.083333333333332
2024-05-07,20.0,18.183333333333334
2024-05-08,17.8,18.15
2024-05-09,13.7,18.086666666666666
2024-05-10,17.5,18.279999999999998
2024-05-11,20.3,18.49
2024-05-12,21.1,18.69333333333333
2024-05-13,19.3,18.79
2024-05-14,16.9,18.753333333333334
2024-05-15,19.4,18.753333333333334
2024-05-16,18.7,18.736666666666665
2024-05-17,20.6,18.753333333333334
2024-05-18,21.9,18.886666666666663
2024-05-19,20.8,18.970000000000002
2024-05-20,17.4,18.903333333333332
2024-05-21,22.5,19.040000000000003
2024-05-22,20.6,19.206666666666667
2024-05-23,21.4,19.35666666666667
2024-05-24,23.3,19.633333333333333
2024-05-25,21.4,19.69666666666667
2024-05-26,21.6,19.74
2024-05-27,22.3,19.833333333333332
2024-05-28,24.0,19.913333333333334
2024-05-29,22.0,19.94
2024-05-30,22.5,19.993333333333336
2024-05-31,19.0,20.076666666666668
2024-06-01,20.9,20.263333333333332
2024-06-02,18.7,20.29666666666667
2024-06-03,18.3,20.209999999999997
2024-06-04,19.5,20.14333333333333
2024-06-05,21.4,20.16
2024-06-06,22.0,20.226666666666667
2024-06-07,22.1,20.37
2024-06-08,22.8,20.673333333333332
2024-06-09,22.4,20.836666666666666
2024-06-10,20.7,20.85
2024-06-11,24.0,20.946666666666665
2024-06-12,24.6,21.123333333333335
2024-06-13,22.6,21.313333333333333
2024-06-14,25.9,21.529999999999998
2024-06-15,24.8,21.733333333333334
2024-06-16,23.7,21.836666666666666
2024-06-17,26.0,21.973333333333336
2024-06-18,19.2,21.92
2024-06-19,23.5,22.123333333333335
2024-06-20,24.4,22.186666666666667
2024-06-21,20.1,22.17
2024-06-22,23.9,22.253333333333334
2024-06-23,21.6,22.19666666666667
2024-06-24,26.7,22.37333333333333
2024-06-25,27.8,22.580000000000002
2024-06-26,26.9,22.733333333333334
2024-06-27,25.4,22.779999999999998
2024-06-28,22.0,22.779999999999998
2024-06-29,23.7,22.819999999999997
2024-06-30,25.9,23.05
2024-07-01,26.3,23.23
2024-07-02,27.3,23.516666666666666
2024-07-03,27.7,23.83
2024-07-04,29.3,24.15666666666667
2024-07-05,30.2,24.45
2024-07-06,28.1,24.653333333333332
2024-07-07,28.9,24.88
2024-07-08,30.9,25.15
2024-07-09,30.1,25.406666666666663
2024-07-10,29.5,25.7
2024-07-11,27.8,25.826666666666664
2024-07-12,24.4,25.82
2024-07-13,26.2,25.939999999999998
2024-07-14,25.4,25.923333333333332
2024-07-15,24.6,25.916666666666668
2024-07-16,23.9,25.923333333333332
2024-07-17,25.8,25.916666666666668
2024-07-18,28.4,26.223333333333333
2024-07-19,30.0,26.439999999999998
2024-07-20,30.7,26.65
2024-07-21,29.1,26.949999999999996
2024-07-22,30.5,27.169999999999998
2024-07-23,29.5,27.43333333333333
2024-07-24,30.1,27.546666666666667
2024-07-25,30.2,27.626666666666665
2024-07-26,30.1,27.733333333333334
2024-07-27,30.3,27.896666666666665
2024-07-28,31.6,28.216666666666665
2024-07-29,32.3,28.50333333333333
2024-07-30,30.8,28.666666666666668
2024-07-31,29.4,28.77
2024-08-01,28.5,28.81
2024-08-02,28.7,28.84333333333333
2024-08-03,29.4,28.84666666666667
2024-08-04,30.0,28.84
2024-08-05,30.0,28.903333333333332
2024-08-06,29.9,28.936666666666667
2024-08-07,28.9,28.87
2024-08-08,28.1,28.803333333333335
2024-08-09,30.0,28.82
2024-08-10,30.0,28.89333333333333
2024-08-11,31.5,29.13
2024-08-12,31.2,29.296666666666667
2024-08-13,30.8,29.47666666666667
2024-08-14,30.4,29.67
2024-08-15,30.3,29.883333333333333
2024-08-16,26.7,29.913333333333334
2024-08-17,30.4,29.98
2024-08-18,29.7,29.970000000000002
2024-08-19,29.2,29.919999999999998
2024-08-20,28.3,29.893333333333334
2024-08-21,28.3,29.82
2024-08-22,27.5,29.753333333333334
2024-08-23,28.9,29.71333333333333
2024-08-24,29.4,29.686666666666667
2024-08-25,28.6,29.636666666666663
2024-08-26,29.2,29.6
2024-08-27,27.7,29.470000000000002
2024-08-28,28.0,29.326666666666668
2024-08-29,27.1,29.20333333333333
2024-08-30,26.0,29.089999999999996
2024-08-31,27.1,29.043333333333333
2024-09-01,26.2,28.96
2024-09-02,29.3,28.956666666666663
2024-09-03,24.9,28.786666666666665
2024-09-04,25.4,28.633333333333333
2024-09-05,26.7,28.526666666666664
2024-09-06,28.3,28.506666666666668
2024-09-07,28.7,28.526666666666664
2024-09-08,28.9,28.49
2024-09-09,28.3,28.433333333333334
2024-09-10,28.6,28.336666666666666
2024-09-11,29.6,28.283333333333335
2024-09-12,29.6,28.243333333333332
2024-09-13,29.6,28.216666666666665
2024-09-14,29.5,28.19
2024-09-15,29.9,28.296666666666667
2024-09-16,25.7,28.14
2024-09-17,27.7,28.07333333333333
2024-09-18,28.8,28.060000000000002
2024-09-19,27.7,28.04
2024-09-20,29.4,28.076666666666668
2024-09-21,28.5,28.110000000000003
2024-09-22,24.6,27.966666666666665
2024-09-23,22.6,27.74
2024-09-24,20.9,27.483333333333334
2024-09-25,20.4,27.19
2024-09-26,24.1,27.069999999999997
2024-09-27,23.3,26.913333333333334
2024-09-28,24.0,26.810000000000002
2024-09-29,22.6,26.69666666666667
2024-09-30,22.7,26.55
2024-10-01,23.3,26.453333333333333
2024-10-02,26.5,26.360000000000003
2024-10-03,23.1,26.3
2024-10-04,25.9,26.316666666666666
2024-10-05,21.3,26.136666666666667
2024-10-06,21.3,25.90333333333333
2024-10-07,25.0,25.779999999999998
2024-10-08,18.8,25.443333333333335
2024-10-09,16.0,25.033333333333335
2024-10-10,17.8,24.673333333333332
2024-10-11,19.0,24.32
2024-10-12,20.6,24.02
2024-10-13,20.9,23.73
2024-10-14,20.8,23.44
2024-10-15,22.1,23.18
2024-10-16,22.6,23.076666666666664
2024-10-17,22.8,22.913333333333338
2024-10-18,21.6,22.673333333333332
2024-10-19,24.2,22.55666666666667
2024-10-20,17.4,22.156666666666663
2024-10-21,16.2,21.746666666666666
2024-10-22,19.7,21.583333333333332
2024-10-23,21.9,21.560000000000002
2024-10-24,22.6,21.616666666666667
2024-10-25,20.2,21.61
2024-10-26,19.0,21.44
2024-10-27,19.7,21.32
2024-10-28,18.8,21.146666666666665
2024-10-29,15.4,20.906666666666663
2024-10-30,16.8,20.71
2024-10-31,16.2,20.473333333333333
2024-11-01,17.0,20.156666666666663
2024-11-02,16.0,19.92
2024-11-03,17.5,19.639999999999997
2024-11-04,17.2,19.503333333333334
2024-11-05,16.6,19.34666666666667
2024-11-06,14.4,18.993333333333336
2024-11-07,13.4,18.813333333333333
2024-11-08,11.8,18.673333333333332
2024-11-09,12.7,18.503333333333334
2024-11-10,13.8,18.33
2024-11-11,16.3,18.186666666666667
2024-11-12,16.3,18.033333333333335
2024-11-13,16.5,17.889999999999997
2024-11-14,15.8,17.680000000000003
2024-11-15,15.9,17.456666666666667
2024-11-16,16.7,17.253333333333334
2024-11-17,18.9,17.163333333333334
2024-11-18,13.7,16.813333333333333
2024-11-19,9.7,16.55666666666667
2024-11-20,7.6,16.27
2024-11-21,10.5,15.963333333333333
2024-11-22,11.9,15.63
2024-11-23,12.0,15.276666666666667
2024-11-24,10.7,14.96
2024-11-25,9.9,14.656666666666666
2024-11-26,10.0,14.333333333333334
2024-11-27,14.5,14.19
2024-11-28,13.2,14.116666666666667
2024-11-29,11.4,13.936666666666667
2024-11-30,10.4,13.743333333333334
2024-12-01,11.2,13.55
2024-12-02,11.4,13.396666666666668
2024-12-03,11.9,13.21
2024-12-04,12.7,13.059999999999999
2024-12-05,11.5,12.889999999999999
2024-12-06,11.0,12.776666666666666
2024-12-07,8.9,12.626666666666667
2024-12-08,7.7,12.49
2024-12-09,7.7,12.323333333333332
2024-12-10,8.5,12.146666666666667
2024-12-11,8.7,11.893333333333333
2024-12-12,7.1,11.586666666666668
2024-12-13,5.3,11.213333333333335
2024-12-14,7.2,10.926666666666668
2024-12-15,6.6,10.616666666666667
2024-12-16,7.7,10.316666666666666
2024-12-17,8.0,9.953333333333335
2024-12-18,7.6,9.75
2024-12-19,5.2,9.6
2024-12-20,6.5,9.563333333333334
2024-12-21,9.4,9.526666666666667
2024-12-22,6.9,9.359999999999998
2024-12-23,6.1,9.163333333333332
2024-12-24,6.7,9.03
2024-12-25,7.7,8.956666666666667
2024-12-26,8.9,8.92
2024-12-27,7.4,8.683333333333334
2024-12-28,5.4,8.423333333333334
2024-12-29,6.0,8.243333333333332
2024-12-30,6.2,8.103333333333333
2024-12-31,8.0,7.996666666666667
2025-01-01,7.1,7.8533333333333335
